<?xml version="1.0" encoding="UTF-8"?>
<gresources>
  <gresource prefix="/com/gexperts/Tilix">
    <file preprocess="to-pixdata">icons/16x16/actions/tilix-add-horizontal-symbolic.symbolic.png</file>
    <file preprocess="to-pixdata">icons/16x16/actions/tilix-add-vertical-symbolic.symbolic.png</file>
    <file preprocess="to-pixdata">icons/32x32/actions/tilix-add-horizontal-symbolic.symbolic.png</file>
    <file preprocess="to-pixdata">icons/32x32/actions/tilix-add-vertical-symbolic.symbolic.png</file>
    <file>css/tilix.base.css</file>
    <file>css/tilix.base320.css</file>
    <file>css/tilix.base.theme.css</file>
    <file>css/tilix.Ambiance.css</file>
    <file>css/tilix.Radiance.css</file>
    <file>css/tilix.Adwaita.scrollbar.css</file>
    <file>css/tilix.Lavender.scrollbar.css</file>
    <file>css/tilix.Ambiance.scrollbar.css</file>
    <file>css/tilix.Radiance.scrollbar.css</file>
    <file>css/tilix.Arc.scrollbar.css</file>
    <file>css/tilix.Arc-Dark.scrollbar.css</file>
    <file>css/tilix.Arc-Darker.scrollbar.css</file>
    <file compressed="true" preprocess="xml-stripblanks">ui/shortcuts.ui</file>
  </gresource>
</gresources>
