{
    "name": "Solarized Light",
    "comment": "Taken from Gnome Terminal",
    "use-theme-colors": false,
    "foreground-color": "#657B83",
    "background-color": "#FDF6E3",
    "palette": [
        "#073642",
        "#DC322F",
        "#859900",
        "#B58900",
        "#268BD2",
        "#D33682",
        "#2AA198",
        "#EEE8D5",
        "#002B36",
        "#CB4B16",
        "#586E75",
        "#657B83",
        "#839496",
        "#6C71C4",
        "#93A1A1",
        "#FDF6E3"
    ]
}